<XLUE>
<resource>
	<!--login wnd-->
	<bitmap id="loginwnd.bkg"  path="bitmap\login_bkg.png" />
	<texture id="edit.account" image="bitmap\login_edit.png" />
	<texture id="edit.password" path="bitmap\login_edit.png" />
	<bitmap id="edit.all" path="bitmap\login_edit_all.png" />
	<bitmap id="loginwnd.img.adv1" path="bitmap\login_adv_1.png" />
	<!--server wnd-->
	<bitmap id="serverwnd.bkg" path="bitmap\server_bkg.png" />

	<!--message wnd-->
	<bitmap id="messagewnd.bkg" path="bitmap\message_bkg.png" />
	<texture id="messagewnd.button.close.normal" image="bitmap\message_close_normal.png" />
	<texture id="messagewnd.button.close.hover" image="bitmap\message_close_active.png" />
	<texture id="messagewnd.button.close.clicked" image="bitmap\message_close_down.png" />
	<texture id="messagewnd.button.yes" image="bitmap\message_button_yes.png" />
	<texture id="messagewnd.button.no" image="bitmap\message_button_no.png" />
	
	<!--gameupdate wnd-->
	<bitmap id="gameupdatewnd.bkg" path="bitmap\gameupdate_bkg.png" />
	<texture id="progressbar.bkg.middle" type="Stretch" image="bitmap\progressbar_bkg_middle.png" />
	<bitmap id="progressbar.bkg.left" path="bitmap\progressbar_bkg_left.png" />
	<bitmap id="progressbar.bkg.right" path="bitmap\progressbar_bkg_right.png" />
	<texture id="progressbar.fill.middle" type="Stretch" image="bitmap\progressbar_fill_middle.png" />
	<bitmap id="progressbar.fill.left" path="bitmap\progressbar_fill_left.png" />
	<bitmap id="progressbar.fill.right" path="bitmap\progressbar_fill_right.png" />
	<bitmap id="gameupdatewnd.button.manualupdate.normal" path="bitmap\gameupdate_button_manualupdate_normal.png" />
	<bitmap id="gameupdatewnd.button.manualupdate.hover" path="bitmap\gameupdate_button_manualupdate_active.png" />
	
	<!-- game config window-->
	<texture id="gameconfig.wnd.bkg" image="gameconfig\win_bkg.png" />
	<texture id="button.saveconfig.normal" image="gameconfig\button_saveconfig_normal.png" />
	<texture id="button.saveconfig.hover" image="gameconfig\button_saveconfig_active.png" />
	<texture id="button.closeconfig.normal" image="gameconfig\button_closeconfig_normal.png" />
	<texture id="button.closeconfig.hover" image="gameconfig\button_closeconfig_active.png" />
	<texture id="gameconfig.wnd.checkbox.normal" image="gameconfig\checkbox_normal.png"/>
	<texture id="gameconfig.wnd.checkbox.checked" image="gameconfig\checkbox_active.png"/>
	<texture id="gameconfig.wnd.radio.normal" image="gameconfig\radio_normal.png"/>
	<texture id="gameconfig.wnd.radio.checked" image="gameconfig\radio_checked.png"/>
	<texture id="gameconfig.wnd.listitem.normal" image="gameconfig\listitem_normal.png" />
	<texture id="gameconfig.wnd.listitem.hover" image="gameconfig\listitem_hover.png" />
	<texture id="gameconfig.wnd.listbutton.normal" image="gameconfig\list_button_normal.png" />
	<texture id="gameconfig.wnd.listbutton.hover" image="gameconfig\list_button_hover.png" />
	<imagelist id="imagelist.vscrollbar.button" vertical="0" splitter="1" varyblock="1" image="gameconfig\scrollbar.vsb.arrow.png"/>
	<texture id="bitmap.lowerbtn.normal" imagelist="imagelist.vscrollbar.button" index="4"/>
	<texture id="bitmap.lowerbtn.hover" imagelist="imagelist.vscrollbar.button" index="5"/>
	<texture id="bitmap.lowerbtn.down" imagelist="imagelist.vscrollbar.button" index="6"/>
	<texture id="bitmap.upperbtn.normal" imagelist="imagelist.vscrollbar.button" index="1"/>
	<texture id="bitmap.upperbtn.hover" imagelist="imagelist.vscrollbar.button" index="2"/>
	<texture id="bitmap.upperbtn.down" imagelist="imagelist.vscrollbar.button" index="3"/>
	<texture id="texture.barbkg.normal" type="Fill" image="gameconfig\scrollbar.vsb.big.bkg.png"/>
	<texture id="texture.barbkg.hover" type="Fill" image="gameconfig\scrollbar.vsb.big.bkg.hover.png"/>
	
	<!-- personal info window -->
	<texture id="personalinfo.wnd.bkg" image="personalinfo\win_bkg.png" />
	<texture id="button.skip.personalinfo.normal" image="personalinfo\button_skip_normal.png" />
	<texture id="button.skip.personalinfo.hover" image="personalinfo\button_skip_active.png" />
	<texture id="personalinfo.wnd.checkbox.normal" image="personalinfo\checkbox_normal.png"/>
	<texture id="personalinfo.wnd.checkbox.checked" image="personalinfo\checkbox_active.png"/>

	<!-- selfupdate window -->
	<texture id="selfupdate.bkg" image="selfupdate\win_bkg.png" />
	
	<!-- tip window -->
	<texture id="tip.wnd.bkg" type="NineInOne"  image="bitmap\tip_bkg.png" />
</resource>
</XLUE>